
{
"users":  [
    {
      "id": 1,
      "name": "john_doe",
      "email": "john@example.com",
      "phone":68798099090,
      "password": "password123"
    },
    {
      "id": 2,
      "name": "john_doe",
      "email": "john@example.com",
      "phone":68798099090,
      "password": "password123"
    },
    {
      "id": 3,
      "name": "john_doe",
      "email": "john@example.com",
      "phone":68798099090,
      "password": "password123"
    },
    {
      "id": 4,
      "name": "john_doe",
      "email": "john@example.com",
      "phone":68798099090,
      "password": "password123"
    },
    {
      "id": 5,
      "name": "john_doe",
      "email": "john@example.com",
      "phone":68798099090,
      "password": "password123"
    },
    {
      "id": 6,
      "name": "john_doe",
      "email": "john@example.com",
      "phone":68798099090,
      "password": "password123"
    },
    {
      "id": 7,
      "name": "john_doe",
      "email": "john@example.com",
      "phone":68798099090,
      "password": "password123"
    }

  ]
}

